ID	Type	Names	NormNames	CoAuth	Publishers	ISBN	Country	Titles	StartDate	EndDate	DateType	Nationality
100009949	Personal	['Oliveira, Gastão de', 'Oliveira, Gastão de', 'Oliveira,', 'Gastão de']	[]	['Portugal. Direcção Geral do Comércio Interno', 'Cavaco, Clotilde', 'Portugal Direcção Geral do Comércio Interno']	['Núcleo de Apoio às Cooperativas de Consumo', 'DGCI']	[]	['PT']	['Estatística do cadastro comercial', 'Pesagem e pré-embalagem']	0	0	lived	00
1000152636166720052541	Personal	['Borkamp, Frauke', 'Borkamp, Frauke']	['wilde frauke']	[]	[]	[]	[]	[]	0	0	lived	ZZ
100018640	Personal	['Polyakov, S.V', 'Polyakov, S. V.', 'Polyakov, S.V', 'Polyakov,', 'S. V.']	[]	['Campos, J. A. Pinto de', 'Sablikov, Vladimir A', 'Büttiker, Markus']	['Lab. Nac. de Engenharia Civil']	['9789724914886']	['US']	['Cálculo de paredes de edifícios com estrura reticulada, sujeitas a forças horizontais no seu plano', 'Charging effects in a quantum wire with leads', "Raschet sten karkasnykh zdanií na gorizontal'nuyu nagruzku, deístvuyushchuyu v ploskosti steny"]	0	0	lived	00
100028892	Personal	['Torcato, Ana, pseud.', 'Torcato, Ana', 'pseud', 'Torcato,', 'Ana,', 'pseud.']	['carvalho ana maria de sousa 1964', 'carvalho ana maria de sousa 1964']	[]	[]	[]	['PT']	['Reticências ao sol crónicas']	1964	0	lived	PT
100038848	Personal	['Alvarez Miranda, Vicente', 'Alvarez Miranda, Vicente', 'Alvarez Miranda,', 'Vicente']	[]	[]	['Càrlos Santigosa']	[]	['ES']	['Glorias de Sevilla']	0	0	lived	00
100048782	Personal	['Pereira, Francisco Miranda', 'Pereira, Francisco Miranda', 'Pereira,', 'Francisco Miranda']	[]	[]	[]	[]	['PT']	['Protecção integrada da vinha na região de Entre-Douro e Minho ensaio para homologação de um produto fitofarmacêutico contra o mídio']	0	0	lived	00
100058670	Personal	['Alegre, Alexandra', 'Alegre, Maria Alexandra de Lacerda Nave', 'Alegre, Alexandra', 'Alegre, Alexandra', 'Alegre, Maria Alexandra de Lacerda Nave', 'Alegre,', 'Alexandra']	['alegre maria alexandra de lacerda nave', 'alegre maria alexandra de lacerda nave', 'lacerda nave alegre maria alexandra de', 'nave alegre maria alexandra de lacerda', 'de lacerda nave alegre maria alexandra']	['Parque Escolar, EPE', 'Portugal. Comissão Nacional para as Comemorações do Centenário da República', 'Menezes, Cristina', 'Massano, António José', 'Heitor, Teresa', 'Garnel, Maria Rita Lino, 1952-']	['Fundação Calouste Gulbenkian Fundação para a Ciência e Tecnologia', 'Parque Escolar', 'Comissão Nacional para as Comemorações do Centenário da República']	['9789723114584', '9789899610644', '9789722718424']	['PT']	['Arquitectura escolar, Novembro de 2012:', 'Arquitectura escolar <o >edifício liceu em Portugal (1882-1978)', 'Corpo, 2010:', 'Corpo Estado, medicina e sociedade no tempo da I República', 'Estudo de diagnóstico de consulta e apoio à reabilitação das casas de rendas económicas das céculas I e II do bairro de Alvalade', 'Liceus, escolas técnicas e secundárias']	2000	0	flourished	Portugal
100068261	Personal	['Neves, Luís Teixeira, ca 18- -', 'Neves, Luís Teixeira', 'Neves, Luís Teixeira', 'Neves,', 'Luís Teixeira,', 'ca 18- -']	[]	['Partido Republicano Português', 'Pimentel, Gastão Meneses, ca 18- -', 'Pimentel, Gastão Meneses ca 18- -', 'Mendo, Arnaldo A., ca 18- -', 'Mendo, Arnaldo A. ca 18- -', 'Andrade, João Doutel de, ca 18- -', 'Andrade, João Doutel de ca 18- -', 'Andrade, Eduardo Doutel de, ca 18- -', 'Andrade, Eduardo Doutel de ca 18- -']	['Mateus, Mateus & Diogo', 'Manuel Trigo', 'M. Teixeira', 'Impr. Académica']	[]	['PT']	['Acção transmontana semanário republicano', 'Boneca de trapos, feita em farrapos', '<O >crime da Senhora do Castelo', '<A >crise da democracia']	0	0	lived	00
100077982	Personal	['Barão, Alexandre Humberto dos Santos', 'Barão, Alexandre Humberto dos Santos', 'Barão, Alexandre Humberto dos Santos', 'Barão,', 'Alexandre Humberto dos Santos']	['barao alexandre', 'santos barao alexandre humberto']	['Silva, Alberto Manuel Rodrigues da']	[]	[]	['PT']	['Análise e concepção orientada para objectos de documentos hipermédia <um >caso prático', 'Social networks modeling and evaluation of organizational relational capital using SNARE']	0	0	lived	PT
100087898	Personal	['Serra, Gabriel', 'Serra, Gabriel', 'Serra,', 'Gabriel']	[]	['Toksvig, Louise Sylvester', 'Rio, Olga del', 'Haber, Isabel', 'Gallego, Joana', 'Barbaformosa', 'Barbaformosa']	['Generalitat de Catalunya', 'Estampa']	['9789723314564', '9788439327318']	['PT']	['<A >olaria', '<El >sostre de vidre situació sòcio-professional de les dones periodistes']	0	0	lived	PT
100097621	Personal	['Veiga, Maria Leonor Amaral Correia da', 'Veiga, Maria Leonor Amaral Correia da', 'Veiga,', 'Maria Leonor Amaral Correia da']	[]	[]	[]	[]	['PT']	['Que gestoras - que gestores somos? <o >género no domínio da gestão organizacional']	0	0	lived	00
10010733	Personal	['Cerilli, Dante, 1965-....', 'Cerilli, Dante', 'Dante Cerilli', 'Cerilli', ', Dante', 'ba0yba0y', 'fre   ', ' 0 ', 'Cerilli', 'Dante', '1965-....', 'Cerilli, Dante', 'Cerilli, Dante', '1965-', 'Cerilli, Dante', '1965-...', 'Cerilli, Dante,', '1965-....', 'Dante Cerilli', 'eo', 'en', 'co', 'io', 'af', 'vmf', 'vi', 'ca', 'an', 'eu', 'cy', 'gd', 'pt-br', 'ga', 'zu', 'cs', 'et', 'gl', 'ie', 'id', 'es', 'en-gb', 'lb', 'wa', 'nn', 'min', 'nb', 'pms', 'tr', 'nap', 'lij', 'li', 'lv', 'wo', 'lt', 'frp', 'nds-nl', 'rm', 'ro', 'ia', 'pcd', 'vec', 'kab', 'sco', 'nrm', 'ast', 'hr', 'bm', 'hu', 'da', 'fr', 'prg', 'oc', 'br', 'fi', 'vls', 'vo', 'kg', 'en-ca', 'scn', 'jam', 'mg', 'bar', 'pt', 'gsw', 'sc', 'fur', 'sw', 'sv', 'de-ch', 'frc', 'sk', 'pap', 'rgn', 'ms', 'sl', 'de-at', 'nds', 'pl']	['dante cerilli italiaans schrijver', 'dante cerilli italienischer schriftsteller dichter und journalist', 'dante cerilli scrittore italiano']	['Fondazione culturale Mario Cerilli', 'Cerilli, Mario 1926-1980', 'Università degli studi di Cassino', 'Cimino, Guido 1883-', 'Associazione italiana Lepina lepos']	['Eva', "Edizioni dell'Orso", 'Bastogi', 'Edizioni Eva']	['9788896028483', '9788888030678', '9788881852987', '9788876942471', '9788888030890', '9788888030739']	['IT']	['Coscienza storica e individuale nella poesia di Antonio Piromalli', 'Giovanni Papini nel Novecento letterario italiano', "grande esule l'esilio di Dante, dalla condanna alla morte del poeta, maggio 1959", 'Il Kērýlos collana di letteratura "Disegni storici e aggiornamenti critici', "L'eco della presenza : i dieci anni della Fondazione Mario Cerilli / Dante Cerilli", 'Memoria presente', 'Ombre di primavera : poesie / Dante Cerilli ; nota critica di Tommaso Scappaticci', 'Gli orpelli svaniti : giornalismo culturale e d\'ambiente dalle "Pagine lepine" : con una sezione filologico-esegetica di autori vari  / Dante Cerilli ; prefazione di Aldo Cervo', 'Paolo Broussard, poeta : lettura delle opere, 1955-1956', 'Piromalli e la Sicilia biografismo, luoghi e modi della letteratura', 'Ricordi e riflessioni', 'Schatten des Frühlings / Dante Cerilli ; Übersetzung von Isabel Becker und Stefan Peruzzi', 'Sulla strada del cielo : poesie di fede ribelle e mansueta e altri scritti / Dante Cerilli ; interventi critici di Vito Moretti e Annamaria Amitrano', 'Tra Settecento e Novecento omaggio a Bertola e Di Rocco temi, versi e ritmi fra letteratura e musica atti del convegno in due giornate (Supino, 29 novembre 1998-Castelliri, 13 dicembre 1998)']	1965	0	lived	IT
1001146997246718890933	Corporate	['中華歐亞基金會', '中華歐亞基金會']	['fics', 'foundation on international & cross strait studies', 'チュウカ オウア キキンカイ']	[]	[]	[]	[]	['世界新秩序與亞洲 : 台日論壇二〇〇三年東京會議論文集', '共創亞洲的和平與繁榮 : 台日論壇二〇〇四年台北會議論文集']	0	0	lived	00
100115693	Personal	['Machado, Maria de Lourdes, 1954-', 'Machado, Maria de Lourdes', 'Machado, Maria de Lourdes', 'lat', 'Machado, Maria de Lourdes', 'Machado, Maria de Lourdes', '1954-', 'Machado,', 'Maria de Lourdes, 1954-']	[]	['Portugal', 'France, José António Sequeira Capela', 'Sousa, Dionéia Paula Bodevan de', 'Rocha, Lamara Laguardia Valente']	['Vislis', 'Almedina']	['9789725200612', '9789724053202']	['PT']	['Processos de acreditação e indicadores de desempenho nos hospitais universitários brasileiros', 'Satisfação e motivação dos académicos no ensino superior português']	1954	0	lived	PT
100125649	Personal	['Moyer, Ellen', 'Moyer, Ellen', 'Moyer,', 'Ellen']	[]	['Gouveia, António Cecílio']	['Atena']	['9789728435172']	['PT']	['Colesterol e triglicéridos questões que você tem... as respostas de que precisa']	0	0	lived	00
100135436	Personal	['Melo, Américo Gomes Dias de', 'Melo, Américo Gomes Dias de', 'Melo,', 'Américo Gomes Dias de']	[]	[]	[]	[]	['PT']	['Transporte aéreo dinâmicas urbanas e desenvolvimento regional']	0	0	lived	00
100144647639509806283	Personal	['Thompson, Vetta L. Sanders', 'ba0yba0y', 'fre   ', ' 0 ', 'Thompson', 'Vetta L. Sanders', 'Thompson, Vetta L. Sanders']	[]	['Yeakey, Carol Camp', 'Wells, Anjanette']	['Lexington Books']	['9780739186367', '9780739177006']	['US']	['Urban ills twenty-first-century complexities of urban living in global contexts']	1900	0	flourished	US
100145066482366591773	Personal	['Dziedzic, Witold (górnictwo)', 'Dziedzic, Witold', '(górnictwo)']	[]	['Maślanka, Krzysztof (1945- )', 'Kostuch, Ryszard (1929-2017)', 'Czajkowski, Ryszard.']	[]	[]	['PL']	['Ocena wybranych elementów środowiska przyrodniczego na zrekultywowanych i zagospodarowanych terenach Kopalni Siarki "Jeziórko"']	0	0	lived	00
100145856859722920263	Personal	['Catedra, Pedro M.', 'Catedra, Pedro M.']	[]	[]	[]	[]	[]	[]	0	0	lived	00
100146163	Personal	['Luz, Tomás da, 1633-1713, O.M.C.', 'Luz, Tomás da', 'Luz, Tomás da', 'Luz,', 'Tomás da,', '1633-1713,', 'O.M.C.']	[]	['Fragoso, Simão Monteiro', 'Costa, João da, fl. 166--168-', 'Costa, João da fl. 166--168-']	['excudebat Joannes a Costa']	[]	['PT']	['Amalthea onomastica', 'Amalthea, sive hortus onomasticus in gemina divisus florilegia, quorum quodlibet multigenas sub dividitur in areolas, in quibus communiora nomina ad quotidianum Linguñ Latialis usum, & exercitationem spectantia continentur, cum indice titulorum ad limen apposito coronat opus topographicum Lusitaniñ lexicon, ac periphrastica quorundam Sanctorum descriptio Reverendissimo P. Fr. Gabrieli de Amaral thomariensis...']	1633	1713	lived	PT
100146937872713832858	Corporate	["Edm. Goetschel's Buch- & Musikalienhandlung (Riga)", "Edm. Goetschel's Buch- & Musikalienhandlung", 'Riga']	['edm goetschels buchhandlung riga']	[]	[]	[]	[]	[]	0	0	lived	ZZ
100147543667053191524	Corporate	['Klein Modellbahn (Firma)', 'Klein Modellbahn', 'Firma']	['klein modellbahn austria', 'klein modellbahn gesmbh']	[]	[]	[]	[]	[]	0	0	lived	AT
100148389460310712241	Personal	['Curchin, Katherine', 'Curchin, Katherine']	[]	[]	[]	[]	[]	[]	0	0	lived	00
100149066343465600238	Personal	['Laastad, Eirik', 'Laastad, Eirik']	[]	['Universitetet i Bergen Institutt for sammenliknende politikk']	['Department of Comparative Politics, University of Bergen']	[]	[]	['Domestic terrorism and government duration : an event history analysis']	0	0	lived	00
100149294120280520990	Corporate	['International Symposium "Early harvested forage in milk and meat production"', 'International Symposium "Early harvested forage in milk and meat production"']	[]	['Randby, Åshild T.', 'Garmo, Torstein H.']	['Agricultural University of Norway, Department of Animal and Aquacultural Sciences']	['9788274790162']	[]	['Proceedings of the International Symposium "Early harvested forage in milk and meat production" : 23-24 October 2003 : Kringler, Nannestad, Norway']	0	0	lived	00
100149842001602841663	UniformTitleWork	['Estetická knihovna', 'Estetická knihovna']	[]	[]	[]	[]	[]	[]	0	0	lived	00
100150746898316301294	Personal	['Stein, Philip, 1989-', 'Stein, Philip', '1989-', 'Stein, Philip', '1989-', 'Stein, Philip,', '1989-']	[]	['Vulpen, Bram van, 1989-', 'Derckx, Ernée, 1991-', 'Dam, Hugo van, 1987-', 'Creyghton, Ramon, 1989-', 'Burgers, Laura, 1989-', 'Bollemeijer, Niek, 1995-']	['AUP', 'Amsterdam University Press']	['9789048533237', '9789048533220', '9789462983267']	['NL']	['Blikopener : perspectieven van gee͏̈ngageerde twintigers']	1989	0	lived	NL
100151352026052601097	Personal	['Klimenko, Êvgenìj Volodimirovič.', 'Klimenko, Êvgenìj Volodimirovič.']	['klimenko e v']	['Reênt, Oleksandr Petrovič (1949- ).', 'Pedʹko, Ìrina Anatolìïvna.', "Orlik, Vasil' Mihajlovič (1970- ).", 'Krutìj, Ûrìj Sergìjovič.', 'Kovrov, Anatolìj Volodimirovič.', 'Hmarsʹkij, Vadim Mihajlovič.', 'Gončaruk, Grigorìj (1937- ).', 'Cubenko, Valerìâ Leonìdìvna (1978- ).']	['Astroprint']	['9789669271693']	['UA']	['Pìvdenʹ Ukraïni u vìtčiznânìj ta êvropejsʹkìj ìstorìï : materìali III Mìžnarodnoï naukovo-praktičnoï konferencìï 15-16 veresnâ 2016 roku m. Odessa']	0	0	lived	00
100152138629510982418	Personal	['진성희 (陳性希) 1979-', '진성희', '진성희', '진성희', '陳性希', '1979-']	['jin seonghui', 'jin seonghui 1979', 'jin sunghee 1979']	['황선미 1973-', '허세욱 1934-2010', '최지영 1971-', '주숙하 1969-', '정진강 1962-', '장호득 1966-', '임소영 1967-', '임동석 1949-', '이제우 1957-', '이기훈 1973-']	['숭실대학교 출판국', '서울', '문화과학사']	['9788974503208']	[]	['자타와 고금의 소통을 위한 길 찾기  숭실대학교 중어중문학과 설립20주년 기념 학술논총']	1979	0	lived	KR
100152742902527731340	Personal	['Copyist S-Dl-009', 'Copyist S-Dl-009']	['copyist s dl 009']	['Königliche Privat-Musikaliensammlung', 'Simonetti, Johann Wilhelm 18.sc', 'Balch, George Christoph 1785+', 'Anonymus', 'Albinoni, Tomaso 1671-1751', 'Alberti, Giuseppe Matteo 1685-1751']	[]	[]	[]	['Concertos', '[on cover label in black ink:] Schranck No: II. | 38. Fach 40. Lage | [red ink:] No: 41.) [crossed out:] Sinfonia | Fantasie | [black ink:] Violino e Basso | [incipit]']	0	0	lived	00
100153552	Personal	['Moreira, Pedro', '4', 'Moreira,', 'Pedro']	[]	[]	[]	[]	[]	[]	0	0	lived	00
100154381065630292750	Personal	['Petrauskas, Vaclovas 1935-', 'ba0yba0y', 'litlit', 'Petrauskas', 'Vaclovas', '1935-']	[]	[]	[]	[]	[]	[]	1935	0	lived	LT
100155042727672400679	Personal	['Charles, Léon', 'Charles, Léon']	[]	[]	[]	[]	['FR']	['Les Lobi']	0	0	lived	00
100157012	Personal	['Eriksson, Leif, 1959-', 'Eriksson, Leif', '1959-', 'Eriksson, Leif', '1959-', 'Eriksson, Leif,', '1959-']	[]	[]	['HyssHald bokförlag', 'Hysshald']	['9788299798310', '9788299798303']	['SE']	['Jag, en punktmarkerare : roman', 'Peugeot overdrive, 2009:']	1959	0	lived	SE
100175468	Personal	['Barbiera, Raffaello, 1851-1934', 'Barbiera, Raffaello.', 'Raffaello Barbiera', 'Barbiera, Raffaelo', 'Barbiera', ', Raffaello', 'ba0yba0y', 'litita', 'Barbiera', 'Raffaello', '1851-1934', 'ba0yba0y', 'fre   ', ' 0 ', 'Barbiera', 'Raffaello', '1851-1934', 'Barbiera, Raffaello', 'Barbiera, Raffaello', 'Barbiera, Raffaello', 'Barbiera, Raffaello', '(1851-1934)', 'Barbiera, Raffaello', '1851-1934', 'Barbiera, Raffaello,', '1851-1934', 'Barbiera, Raffaello,', '1851-1934', 'Barbiera, Raffaello,', '1851-1934', 'Barbiera, Raffaello,', '1851-1934', 'Barbiera, Raffaello,', '1851-1934', 'lat', 'Barbiera, Raffaello,', '1851-1934', 'Barbiera, Raffaello,', '1851-1934', 'Barbiera, Raffaello.', 'Barbiera, Raffaelo', 'Raffaello Barbiera', 'Raffaello Barbiera', 'fr', 'ast', 'de', 'sl', 'es']	['barbiera c r carlo raffaello 1851 1934', 'barbiera c r carlo raffaello 1851 1934', 'barbiera c r 1851 1934', 'barbiera carlo raffaello', 'barbiera carlo raffaello 1851 1934', 'barbiera carlo raffaello 1851 1934', 'barbiera carlo raffaello 1851 1934', 'barbiera rafael 1851 1934', 'barbiera rafael 1851 1934', 'barbiera carlo raffaello', 'barbiera carlo raffaello', 'raffaello barbiera italiaans journalist', 'raffaello barbiera italian journalist and writer', 'raffaello barbiera giornalista e scrittore italiano']	['Balzac, Honoré de (1799-1850).', 'Somma, Antonio.', 'Romani, Felice, 1788-1865.', 'Prati, Giovanni, 1814-1884.', 'Porta, Carlo Antonio Melchiore Filippo, 1775-1821.', 'Nievo, Ippolito (1831-1861).', 'Garzanti Editore.', 'Carducci, Giosuè, 1835-1907.', 'Verdi, Giuseppe', 'Sand, George Amandine-Aurore-Lucie Dudevant née Dupin', 'Byron, George Noe͏̈l Gordon, Baron Byron, 1788-1824.']	['Treves', 'Fratelli Treves', 'G. Barbèra', 'Mondadori', 'Madella', 'Le Monnier', 'Tip. della Camera dei Deputati', 'Salani', 'S. Lapi', 'Sellerio']	[]	['IT']	['Almanacco muse', "Arride il sole : racconto dell'alta società straniera a Venezia nell' 800", 'Artigiani poeti : Ricordi', 'Carlo Porta e la sua Milano', "Chi l'ascolta : Intermezzo di versi", "Diademi : donne e madonne dell'800", 'Gli emigrati veneti e la diplomazia (con documenti inediti)', "Figure e figurine del secolo XIX. Con notizie inedite d'archivi segreti di stato.", 'I fratelli Bandiera.', "Grandi e piccole memorie. (Pagine di letteratura, d'arte e di storia)", "Ideali e caratteri dell'Ottocento.", 'Immortali e dimenticati', 'Iride : Melodramma Serio in quattro atti, musica di Giuseppe Vigoni', '[Lettre.]', 'Milano 1881, c1991:', 'Mondo sereno : schizzi letterari e biografici', 'Narrazione storica', "Nella città dell'amore. Passioni illustri a Venezia (1816-1861). Con lettere inedite di Giorgio Sand...", "Nella gloria e nell'ombra : immagini e memorie dell'Ottocento", 'Novelle del Bandello e del Lasca', 'Nuove storielle a Ninetta', "Il nuovo martire dell'unità italiana Cesare Battisti e i suoi compagni di martirio ...", 'Pagine inedite', 'Parisina', 'Passioni del Risorgimento; nuove pagine sulla principessa Belgiojoso e il suo tempo con documenti inediti e illustrazioni ...', 'Poema di Lord Byron', 'Poesie edite', 'Poesie moderne (1815-1887)', 'Poesie veneziane scelte e illustrate : con une studio sulla poesia vernacola e sul dialetto di Venezia', 'I poeti della patria', 'I poeti italiani del secolo XIX : antologia', 'La principessa Belgiojoso, i suoi amici e nemici, il suo tempo. Da memorie mondane inedite o rare e da archivii segreti di Stato.', 'Ricordi delle terre dolorose...', 'Il salotto della contessa Maffei.', 'Silvio Pellico', 'Tragedia di Antonio Somma', 'Tragedia lirica di Felice Romani', 'Vite ardenti nel teatro (1700-1900) da archivii e da memorie...', 'Voci e volti del passato (1800-1900) da archivi segreti di stato e da altre fonti.']	1851-02-02	1934-01-05	lived	None
10019671	Personal	['Kunz, George, 1934-....', 'ba0yba0y', 'fre   ', ' 0 ', 'Kunz', 'George', '1934-....', 'Kunz, George', '1934-', 'Kunz, George', '1934-', 'Kunz, George,', '1934-', 'Kunz, George,', '1934-', 'lat', 'Kunz, George,', '1934-....']	[]	['Sayre, George G..', 'Krycka, Kevin C..']	['State university of New York press', 'Duquesne university press']	['9780820704791', '9780791438893', '9780791438909']	['US']	['The paradox of power and weakness : Levinas and an alternative paradigm for psychology', 'Psychotherapy for the other : Levinas and the face-to-face relationship']	1934-07-03	0	lived	US
1002145857096822922276	Personal	['Kirchhoffer, Friedrich Julius', 'Kirchhoffer, Friedrich Julius']	['kirchhoffer julius', 'kirchhoffer julius friedrich', 'kirchoffer friedr jul']	[]	[]	[]	[]	[]	0	0	lived	ZZ
1002155284861987061945	Corporate	['Michael Altman Art Gallery (New York)', 'Michael Altman Art Gallery (New York)']	[]	['Art Cuéllar-Nathan (Zürich)']	[]	[]	['CH']	['In pursuit of timeless quality']	0	0	lived	00
100234175	Personal	['Thomas, Louis-Vincent, 1922-1994', 'Thomas, Louis-Vincent', 'Thomas, Louis-Vincent, 1922-', 'Louis-Vincent Thomas', 'Louis-Vincent Thomas', 'ba0yba0y', 'fre   ', ' 0 ', 'Thomas', 'Louis-Vincent', '1922-1994', 'Thomas, Louis Vincent,', '1922-1994', 'Thomas, Louis-Vincent', 'Thomas, Louis-Vincent', 'Thomas, Louis-Vincent', 'Thomas, Louis-Vincent', 'Thomas, Louis-Vincent', '(1922-1994)', 'Thomas, Louis-Vincent', '(1922-1994).', 'Thomas, Louis-Vincent', '1922-1994', 'Thomas, Louis-Vincent', '1922-1994', 'Thomas, Louis-Vincent,', '1922-', 'lat', 'Thomas, Louis-Vincent,', '1922-', 'Thomas, Louis-Vincent,', '1922-', 'Thomas, Louis-Vincent,', '1922-1994', 'Thomas, Louis-Vincent,', '1922-1994', 'jo2015870366', 'Thomas, Louis-Vincent,', '1922-1994', 'Thomas,', 'Louis-Vincent']	['louis vincent thomas frans antropoloog 1922 1994', 'louis vincent thomas french sociologist and anthropologist', 'louis vincent thomas anthropologue ethnologue et sociologue francais', 'louis vincent thomas franzosischer soziologe anthropologe und ethnologe', 'thomas l v', 'thomas l v 1922', 'thomas l v louis vincent 1922', 'thomas l v louis vincent 1922', 'thomas l v 1922', 'thomas l v 1922 1994', 'thomas l v', 'thomas l v 1922 1994', 'thomas l v', 'thomas louis v 1922', 'thomas louis v 1922 1994', 'thomas louis vincent', 'thomas louis vincent', 'thomas louis vincent 1922', 'thomas louis vincent 1922 1994', 'thomas louis vincent', 'thomas louis vincent', 'toma luj vensan', 'тома луи венсан', 'لويس توماس']	['Luneau, René 1932-', 'Kaës, René', 'Anzieu, Didier', 'Urbain, Jean-Didier 1951-....', 'Fougeyrollas, Pierre, 1922-', 'Chassey, Francis de.', 'Vansina, Jan (1929- ).', 'Mauny, Raymond, 1912-1994.', "Groupe d'études dakaroises", 'Cresswell, Robert (1922-....).', 'Payot et Cie.', 'Saint-Aubyn, Isabel', 'Pawlik, Jacek Jan, (1952- )']	['Payot', "Éd. l'Harmattan", 'Presses universitaires de France', 'IFAN', 'Dunod', 'Stock', 'Librairie des Méridiens', 'Atelier national de Reproduction des Thèses', 'Le Livre africain', 'Paris 5', 'Prosveta', 'Karthala']	['9782858021628', '9782130432364', '9782228334303', '9782870270448', '9782738410375', '9782213016481', '9782865630899', '9782234013056', '9782228335409', '9782030703731', '9789727593156', '9789681614942', '9788321808024', '9782870270158', '9782811109332']	['FR']	["Agni devant la mort Côte d'Ivoire", 'Analyse des origines profondes de la Révolution islamique en Iran', "Analyse des représentations, attitudes et comportements des justiciables à l'égard de la justice civile.", 'Anthropologie de la mort', 'Antropologija smrti', "[Approche de l'univers religieux]", 'Une aristocratie coloniale : histoire et changements politiques en pays Mawri, Niger', 'Le besoin de santé : recherches sur la consommation médicale', 'Beyrouth ou la fascination de la mort, 2013:', 'Brève esquisse sur la pensée cosmologique du Diola', 'Cadavre', "Cadavre : de la biologie a l'anthropologie", 'chairs de la mort corps, mort, Afrique', 'Cinq essais sur la mort africaine', 'Les clubs et équipes de prévention et les jeunes de la rue.', "Contribution à une sociologie du sous-développement : l'exemple de la R.I.M.", 'Dakar en devenir', 'Les Diola, 1959.', "Les diola essai d'analyse fonctionnelle sur une population de Basse-Casamance", 'Effets économiques et conséquences sociales de la réduction du temps de travail', "Enfermement et psychose : ces maladies de l'excès", 'Esquisse sur les mouvements de populations et les contacts socio-culturels en pays Diola (Basse-Casamance)', "Essai sur la formation et les structures de l'Italie contemporaine (1860-1960)", 'Et le lièvre vint récits populaires diola', 'Expérience sociale de la mort : étude des rites funéraires des Bassar du Nord-Togo', 'Fantasme et formation', 'Fantasmes au quotidien', 'Figures et métamorphoses du meurtre', "Généralités sur l'éthnologie négro-africaine", 'The historian in tropical Africa : studies presented and discussed at the fourth international African seminar at the University of Dakar, Senegal, 1961', 'historien en Afrique tropicale', "idéologies négro-africaines d'aujourd'hui", "Imaginaires et idéologies du tourisme international, l'exemple du Sénégal", "L'Art africain et la société sénégalaise", "L'art funéraire érotique à Madagascar.", "De l'éducation traditionnelle à l'éducation moderne au Sénégal", 'La légitimation du pouvoir dans le système politique français', "L'image de la femme en Iran", "L'Imaginaire de l'âme", 'Le mariage interculturel : modèle, type matrimonial', 'Marx contre Marx : philosophie et critique sociale', 'Les migrations soninké vers la France', "Modes de pensée et savoirs psychiatriques : essai d'anthropologie sociale", 'Modes of thought and psychiatric knowledge. An essay in social anthropology.', 'Mort', 'Mort africaine idéologie funéraire en Afrique noire', 'mort en question traces de mort, mort des traces', 'mort transfigurée recherches sur les expériences vécues aux approches de la mort (NDE)...', 'Morte e poder', 'Nouveaux villages, nouvelles banlieue', "Nouvel exemple d'oralité négro-africaine : recits Narang-Djiragon, Diola-Karaban et Dyiwat (Basse-Casamance)", "Paroles de nuit ou l'univers imaginaire des relations familiales chez les Mandenka", 'Politiques de développement en Afrique, au sud du Sahara', "Les politiques d'unité africaine", 'Les populations africaines', 'Pouvoirs sorciers : enquête sur les pratiques actuelles de sorcellerie', 'Prospective du développement en Afrique noire un scénario, le Sénégal', 'Réflexions sans titre au sujet des mythes africains', 'Réincarnation, immortalité, résurrection', '[La Religion et la vie]', "Les religions d'Afrique noire : textes et traditions sacrés", 'Rites de mort pour la paix des vivants', 'Les "rois" Diola, hier, aujourd\'hui, demain.', 'Le rôle des villes dans la formation du fait national en Algérie', 'La roue et la pierre contribution anthropo-historique à la connaissance de la production sociale et économique des Tsiganes', "Les sages dépossédés : univers magiques d'Afrique du Nord", "Santé et maladie chez un groupe d'indiens du bassin de l'Orenoque les Yaruro de l'Apure, essai d'antropologie médicale", 'sens caché des rites mortuaires mourir est-il mourir?', "Le Socialisme et l'Afrique", 'Société africaine et sante mentale', 'Société, économie et politique en Palestine (XIXe-début du XXe siècle)', "Sociologie de l'édition française : 1945-1978 : problèmes, analyse des discours et des pratiques", 'Sociologie du tragique violence au quotidien', 'Tableau socio-géographique des mouvements de population affectant le Sénégal', 'terre africaine et ses religions traditions et changements', 'Time is running out : a socio-anthropological study of the "uneasiness of death\'.', 'La troisième phase de la révolution agraire dans la stratégie de développement en Algérie', 'Trup : od biologii do antropologii', 'Valeurs et changements sociaux', 'Vieillesse et mort en Afrique', 'Vieillir projet de vie essai psycho-sociologique', "Vision blanche, vision indienne : traversée anthropologique d'une culture amazonienne : les Shipibo de l'Ucayali", 'Vivre le deuil : de la désorganisation à une réorganisation', 'The Wemenu, its dynamism, its control : an ethno-sociological approach of a society of South Benin.']	1922-05-20	1994-01-22	lived	fr
100253440	Personal	['Susann, Jacqueline', 'Susann, Jacqueline, 1918-1974.', 'Susann, Jacqueline 1921-1974', 'Jacqueline Susann American writer and actress', 'Сьюзанн, Ж. 1918-1974 Жаклин', 'Susann, Jacqueline, 1918-', "סוזאן, ז'קלין, 1918-1974", 'Susann, J. 1918-1974 Jacqueline', 'سوزان، جاكلين، 1921-1974', 'Сьюзан, Жаклин, 1918-1974.', 'Jacqueline Susann', 'American writer and actress', 'en', 'eng', 'ba', 'Susann', 'J.', '1918-1974', 'Jacqueline', 'ba0yba0y', 'fre   ', ' 0 ', 'Susann', 'Jacqueline', '1918-1974', 'ba0yba0y', 'liteng', 'Susann', 'Jacqueline', '1921-1974', 'Susann, Jacqueline', 'Susann, Jacqueline', 'Susann, Jacqueline', 'Susann, Jacqueline', 'Susann, Jacqueline', 'Susann, Jacqueline', 'Susann, Jacqueline', 'Susann, Jacqueline', 'Susann, Jacqueline', 'Susann, Jacqueline', 'Susann, Jacqueline', 'lat', 'Susann, Jacqueline', 'Susann, Jacqueline', 'Susann, Jacqueline', '(1918-1974).', 'Susann, Jacqueline', '(1921-1974)', 'Susann, Jacqueline', '1918-1974', 'Susann, Jacqueline', '1918-1974', 'Susann, Jacqueline', '1921-1974', 'Susann, Jacqueline,', '1918-', 'Susann, Jacqueline,', '1918-1974', 'Susann, Jacqueline,', '1918-1974', 'Susann, Jacqueline,', '1918-1974', 'xx0011633', 'Susann, Jacqueline,', '1918-1974.', 'Susann, Jacqueline,', '1918-1974.', 'Susann,', 'Jacqueline,', '1918-1974', 'Сьюзан, Жаклин,', '1918-1974.', 'Сьюзанн', 'Ж.', '1918-1974', 'Жаклин', "סוזאן, ז'קלין,", '1918-1974', 'heb', 'سوزان، جاكلين،', '1921-1974']	['jacqueline susann amerikaans actrice 1918 1974', 'jacqueline susann us amerikanische schauspielerin und autorin', 'jacqueline susann amerikansk forfattare och skadespelare', 'jacqueline susann amerikansk skribent og skodespelar', 'jacqueline susann amerikansk skribent og skuespiller', 'jacqueline susann pemeran perempuan asal amerika serikat', 'jacqueline susann scrittrice statunitense', 'jacqueline susann ecrivain americaine', 'mansfield jacqueline susann', 'mansfield jacqueline susann', 'mansfield jacqueline susann 1918 1974', 'mansfield jacqueline susann', 'mansfield i псевдоним 1918 1974', 'mansfield псевдоним', 'sjuzan zaklina', 'sjuzen z', 'sjuzen zaklin', 'sjuzan zaklina', 'sjuzen z', 'susan jacqueline', 'susan jacqueline 1918 1974', 'susan jacqueline 1918 1974', 'susann j', 'susann j 1918 1974', 'susann jacqueline', 'susann jacqueline 1921 1974', 'susann jacqueline 1921 1974', 'susanne jacqueline', 'susanne jacqueline 1918 1974', 'susanne jacqueline', 'susanne jacqueline', 'susann j', 'susann j 1918 1974', 'suzan gaklin 1918 1974', 'suzena dzeklina 1918', 'suzena dzeklina 1918', 'джаклин сюзан', 'мэнсфилд и', 'мэнсфилд и 1918 1974', 'сузанн ж', 'сузанн ж 1918 1974', 'сьюзан ж', 'сьюзан ж 1918 1974', 'сьюзан жаклин', 'сьюзанн ж 1918 1974', 'сьюзанн жаклин 1018', 'сьюзанн жаклин 1018', 'сьюзанн ж', 'сьюзанн ж 1918 1974', 'сьюзен жаклин', 'сьюзенн ж', 'сьюзенн ж 1918 1974', 'сюзанн жаклин', 'זקלין סוזן', 'זקלין סוזן שחקנית אמריקאית', 'סוזאן זקלין 1918 1974', 'סוזן זקלין', 'جاكلين سوزان', 'جاكلين سوزان 1921 1974', 'ژاکلین سوزان', 'ژاکلین سوزان بازیگر و نویسنده امریکایی', 'ജകവലൻ സസൻ അമരകകന ചലചതര നടന', 'シャクリヌ スサン', 'スサン シャクリヌ', '傑㚝琳 囌珊', '賈桂琳 囌珊', '수잔 재크린 1918 1974', '수잔 재클린 1918 1974', '수전 재클린 1918 1974', '스잔 재클린 1918 1974']	['Menini, María Antonia', 'Herrero Molina, Manuel.', 'Peiré, Florent B..', 'Troost, Petra.', 'Robson, Mark (1913-1978).', 'Olszewska-Marcinkiewicz, Anna.', 'Villelaur, Anne.', 'Tel Aviv-Yafo (Israel)', 'Deutsch, Helen (1912-1992).', 'Aguilar, J. Teixeira de, 1945-', 'Friedmann, Gretl', 'Budor, Karlo', '永井, 淳, 1935-2009.', 'Wydawnictwo Crime and Thriller.', 'Heroldová-Šťovíčková, Věra, 1930-2015', '조윤경', 'Weisbart, David', 'Villmann, Urmas', 'Ulčar, Miroslav.', 'Boitmane, Marija', 'Хохрев, А.', 'Hedemann, Fritze', 'Demasi, Domingos, 1944-']	['Grijalbo', 'Droemer Knaur', 'Bruguera', 'Znanje', 'Europa-América', 'Scherz', 'Dedicon', 'Bertelsmann Europ. Bildungsgemeinschaft Buchgemeinschaft Donauland Dt. Buch-Gemeinschaft', 'Эксмо Домино', 'ЭКСМО-Пресс', 'P. Belfond', '新潮社', "מ' מזרחי", 'Morrow', 'C&T', 'Bantam Books', '現代人社', 'Varrak', 'Slov. spis.', 'Laffont Canada', 'Laffont Canada', '"Książnica"', 'Krūklis', 'Aschehoug', 'Record']	['9788425300349', '9783426002384', '9788425304798', '9788402005441', '9788475304243', '9788425300325', '9788425300318', '9789060572610', '9788425315237', '9788425300356', '9788631301277', '9788385348047', '9780552085236', '9789984533254', '9789896660789', '9788976700148', '9788711229552', '9788501059284', '9788389064172', '9788085265668', '9785798500291', '9785699608652', '9784102269015', '9782891493192', '9782876285729', '9782277212881', '9780937858028']	['ES']	['Ālat al-ḥub : riwāya', 'Ar vienu reizi nepietiek : romāns', 'Bez zobowiązań', 'Bir defa yetmez', 'Dockornas dal', 'Dolina lutk :  roman', 'Dolores', 'Dukkernes dal', 'Eenmaal is niet genoeg', 'Einmal ist nicht genug Roman', 'Enkrat ni zadosti', 'Every night, Josephine!', 'fois ne suffit pas', 'En gaang aer inte nog, 1986:', 'Geliebte Josephine! Ein fröhl. Pudelbuch', 'Ikutabi ka utsukushiku moe.', "Jacqueline Susann's Dolores", 'Jednom ko nijednom', 'Kaerleksmaskinen : [Roman]', 'Leļļu ieleja : romāns', 'Liebesmaschine Roman', 'Life with Jackie, 1983:', 'Ljubavna mašina', 'Ljubavni stroj', 'The love machine', 'Mana dārgā Džozefīne : [romantisks stāsts]', 'La máquina del amor', 'Ningyō no tanima', 'Nukkude org. [romaan]', 'Once is not enough', 'One is not enough', 'Rabu mashin.', 'Raz nestačí', 'Raz to za mało', 'Stroj na lásku', 'Superplotʹ, 1992:', 'Tal der Puppen', 'Todas las noches, Josephine', 'Tous les soirs Joséphine; [roman]', 'Údolí panenek', 'Údolie bábik', 'Val naar de top', 'O vale das bonecas', 'El valle de las muñecas', 'La  vallée des poupées', 'Valley of the dolls', 'Una vez no basta', 'Yargo', 'Долина кукол [роман]', 'Избранное [перевод с английского]', 'Машина любви, 1992:', 'Одного раза недостаточно [Роман]', 'דולורס', 'היכן אתה אהובי', 'ירגו', 'מכונת האהבה : רומן', 'وادي الدمى', '수선화, 노을에 지다', '완전한 순백색의 사랑이야기', '인형의 계곡', '재뉴어리', '화려한 계절', 'いくたびか美しく燃え.', 'ラブ・マシーン', '事如春夢了無痕', '人形의 溪谷', '人形の谷間', '娃娃谷']	1918-08-20	1974-09-21	lived	usa
10027079	Personal	['Pennacini, Cecilia, 1961-....', 'Pennacini, Cecilia', 'ba0yba0y', 'fre   ', ' 0 ', 'Pennacini', 'Cecilia', '1961-....', 'Pennacini, Cecilia', 'Pennacini, Cecilia', '(1961- ).', 'Pennacini, Cecilia', '1961-', 'Pennacini, Cecilia,', '1961-', 'Pennacini, Cecilia,', '1961-', 'Pennacini, Cecilia,', '1961-....']	[]	['Wittenberg, Hermann', 'Remotti, Francesco', 'Gusman, Alessandro.', 'Uganda Museum', 'Museo Nazionale della Montagna "Duca degli Abruzzi"', 'Kiriama, Herman', 'Beneduce, Roberto, 1957-', 'Baluku, Stanley', 'Ballarin, Marie-Pierre', 'Garnier, Xavier.']	['Carocci', 'Fountain Publishers', 'Segnalibro', 'Trauben', 'Museo Nazionale della Montagna "Duca degli Abruzzi"', 'Meltemi', 'Accademia University Press']	['9789970027552', '9788899982386', '9788887013184', '9788843057252', '9788873760238', '9788843034277', '9788883531095']	['IT']	['Africa delle città', '"Esistere in punta di penna". Una raccolta di racconti migranti nell\'ottica dell\'antropologia letteraria.', '"Exister à bout de plume". Un recueil de nouvelles migrantes au prisme de l\'anthropologie littéraire', "Filmare le culture : un'introduzione all'antropologia visiva", 'Kubandwa, 1998:', "Kubandwa la possessione spiritica nell'Africa dei Grandi Laghi", 'I Popoli della luna = e people of the moon Ruwenzori 1906-2006', 'Religious mobility and body language in Kubandwa possession cults', 'La ricerca sul campo in antropologia oggetti e metodi', 'Rwenzori : histories and cultures of an African mountain', 'Sacred natural sites and cultural heritage in East Africa', '"To exist through writing". A collection of short stories through the prism of literary anthropology.', 'Urban Africa']	1961	0	lived	IT
100288515	Personal	['Evans, Julian, 1946-....', 'Evans, Julian', 'ba0yba0y', 'fre   ', ' 0 ', 'Evans', 'Julian', '1946-....', 'Evans, Julian', 'Evans, Julian', '(1946- ).', 'Evans, Julian', '1946-', 'Evans, Julian', '1946-...', 'Evans, Julian,', '1946-', 'lat', 'Evans, Julian,', '1946-', 'Evans, Julian,', '1946-', 'Evans, Julian,', '1946-', 'jo2006333886', 'Evans, Julian,', '1946-....']	['evans j julian 1946', 'evans j 1946']	['Youngquist, John A.', 'Burley, Jeffery', 'Savill, Peter S.', 'Edwards, Peter N..', 'Burley, J.', 'ebrary, Inc.', 'Youngquist, John.', 'Turnbull, John W.', 'Malcolm, Douglas C..', 'Institute of Chartered Foresters (Great Britain)', 'Saville, Peter (1955-....).']	['Elsevier Academic Press', 'Clarendon Press', 'Blackwell Science', 'Oxford University Press', 'Published jointly by Food and Agriculture Organization of the United Nations and Cabi Pub.', 'Institute of Chartered Foresters', 'Patula Books', 'SOCIETY OF AMERICAN FORESTERS', 'HMSO', "Her Majesty's Stationery Office"]	['9780121451608', '9780632048236', '9780632048212', '9780632048182', '9780121451646', '9780121451639', '9780121451622', '9780121451615', '9780198546825', '9780198541387', '9789251062227', '9781861920997', '9780954194710', '9780907284024', '9780349111797']	['GB']	['Applying forest science for sustainable management', 'Badgers, beeches and blisters : getting started in your own wood', 'Broadleaves in Britain future management and research', 'Encyclopédia of forest sciences', 'Farm woodland management', 'Foreign exchange', 'The forests handbook.', 'Growing broadleaves for timber', 'A key to eucalypts in Britain and Ireland', 'Plantation forestry in the tropics', 'Plantation silviculture in temperate regions : with special reference to the British Isles', 'Planted forests uses, impacts, and sustainability', 'A wood of our own']	1946-11-05	0	lived	GB
100306137	Personal	['Smith, Douglas W.', 'Smith, Douglas W.']	[]	[]	['Voyageur Press', 'Prentice Hall ; Pearson Education [distributor]', 'Lyons Press']	[]	[]	[]	0	0	lived	00
1003152636176120052961	Personal	['Wilhelm, Hans A.', 'Wilhelm, Hans A.']	['wilhelm hans a']	[]	[]	[]	[]	[]	0	0	lived	ZZ
100321218	Personal	['Marchand, Jean-Baptiste', 'Marchand, Jean-Baptiste 19..-.... chef de projet multimédia', 'ba0yba0y', 'fre   ', ' 0 ', 'Marchand', 'Jean-Baptiste', '19..-....', 'chef de projet multimédia', 'Marchand, Jean-Baptiste']	[]	['Wassef, Aalam', 'Smithee, Alan 19..-.... réalisateur', 'Messine, Monique 1940-2003', 'Marçais, Nicolas 1969-....', 'Henion, George', 'Gallimard jeunesse, Département multimédia', 'Deitrich, Brend', 'Calamandrei, Camilla', 'Beneston, Marie-Laure 1962?-....', 'Bauman-Arnold, Laurie', 'Donadieu-Rigaut, Dominique.']	['[Gallimard jeunesse. Département multimédia] [Mindsai [prod.]]', 'Hachette jeunesse', 'ANRT']	['9782012655836']	['FR']	['grande aventure de Pabo', 'Les  modes anormaux de paiement en période suspecte', 'Le Moyen Âge [Multimédia multisupport]', "Le moyen-âge, un monde de peur et d'espoir", "Webmaster le maître d'internet"]	1950	0	flourished	FR
100337377	Personal	['Theis, Jörg', 'ba0yba0y', 'fre   ', ' 0 ', 'Theis', 'Jörg', 'Theis, Jörg', 'Theis, Jörg', 'Theis, Jörg', 'Theis, Jörg']	[]	['Saarbrücken, Univ']	['Königshausen und Neumann']	['9783826029356']	['DE']	['Individuum und individualität in Marcel Prousts A la recherche du temps perdu und Robert Musils Der Mann ohne Eigenschaften, c2004:']	1950	0	flourished	DE
100349808	Personal	['Schober, Donat 1949-....', 'ba0yba0y', 'fre   ', ' 0 ', 'Schober', 'Donat', '1949-....', 'Schober, Donat', '1949-', 'Schober, Donat', '1949-']	[]	[]	[]	[]	[]	['From "zone" to state']	1949-06-09	0	lived	DE
10036153	Personal	['Leculier, Olivier', 'ba0yba0y', 'fre   ', ' 0 ', 'Leculier', 'Olivier', 'Leculier, Olivier']	[]	['Leculier, Olivier', 'Lecuiler, Olivier']	['[Leculier, Olivier] [distrib. Leculier, Olivier]']	[]	['FR']	['Ignaledre', 'Mélopée', 'mémorial', 'Les  Tempes blanchies', "le  Vide d'un coeur solitaire"]	0	0	lived	FR
100376779	Personal	['Franck, Johann', 'Franck, Johann']	['franck johannes', 'francke johann', 'francke johannes']	[]	[]	[]	[]	['S. ministerium accentuum ebraeorum monstratum CL dictis s. codicis ... -', 'Tetras notabilium S. scripturae locorum. -']	0	0	lived	00
100394479	Personal	['Li, Mo, 1922-', 'Li, Mo', '1922-', 'Li, Mo,', '1922-', 'Li, Mo,', '1922-']	['李模 1922', '李模 1922']	['財政部財稅人員訓練所 (China)', 'Cai zheng bu cai shui ren yuan xun lian suo (China)']	['李模', 'Li Mo', '商周文化事業股份有限公司 : 總經銷農學社', '財政部財稅人員訓練所', 'Shang zhou wen hua shi ye gu fen you xian gong si: Zong jing xiao Nong xue she', 'Cai zheng bu cai shui ren yuan xun lian suo']	['9789579002608', '9787770276026']	['TW']	['Ch‘i yüan tz‘u sheng, 1993', 'Min fa gai yao : zong ze ji zhai bian tong ze', 'Min fa wen tʻi yen chiu.', 'Min fa zong ze zhi li lun yu shi yong', 'Qi yuan ci sheng : Li Mo hui yi lu', '奇緣此生 : 李模回憶錄', '民法概要 : 總則及債編通則', '民法總則之理論與實用']	1922	0	lived	00
100414242	Personal	['Eichhorn, Helmut 1951-', 'Eichhorn, Helmut', '1951-']	[]	['Wittenbecher, Josefine 1939-', 'Juli, Peter', 'Fergen, Bernd']	['Engelsdorfer Verl.', '\x98H.\x9c Eichhorn \x98P.\x9c Juli']	['9783925533112', '9783925533051', '9783869014449', '9783862680597']	['DE']	['Im Garten Gottes Bilder und Texte', 'Praktische Sozialhilfe', 'Ton des Lebens']	1951	0	lived	DE
1004155042793572401653	Personal	['Arnoult, avocat', 'Arnoult,', 'avocat']	[]	['Girod', 'Frantin, Louis-Nicolas', 'Ranfer, avocat', 'Causse, Jacques']	[]	[]	['FR']	["Mémoire pour le sieur Jean-Jacques de la Corbiere, citoyen de Genève, apellant d'apointement de règlement rendu au Bailliage de Gex le 24 septembre dernier, intimé et demandeur : contre Me Claude-Louis Roch, notaire royal, procureur et controlleur des actes, apellant du même apointement, intimé et défendeur", 'Observations pour le sieur Debons, écuyer, appellant, contre Marie-Françoise Levrier, intimée', 'Réponse au résumé pour la Dlle. Burlamaqui, intimée : contre Guillaume Chapuis, appellant']	0	0	lived	00
100428846	Personal	['Rheinbaben, Richard Kreuzwendedich \x98von\x9c 1960-', 'Richard von Rheinbaben deutscher Unternehmer und Mäzen', 'Rheinbaben, Richard Kreuzwendedich von', '1960-', 'Rheinbaben, Richard Kreuzwendedich \x98von\x9c', '1960-', 'Richard von Rheinbaben', 'deutscher Unternehmer und Mäzen', 'de']	['richard kreuzwendedich rheinbaben german entrepreneur', 'richard kreuzwendedich von rheinbaben duits ondernemer', 'richard kreuzwendedich von rheinbaben emprendedor aleman']	[]	[]	[]	[]	[]	1960	0	lived	DE
10044646	Personal	['Bertholon, Régis', 'ba0yba0y', 'fre   ', ' 0 ', 'Bertholon', 'Régis', 'Bertholon, Régis']	[]	['Hofmann, Christa 19..-....', 'Giovannini, Andrea 1953-....', 'France 3', 'Le Bars, Fabienne 1967-....', 'Dussert-Carbone, Isabelle 1953-....', 'Théophraste', 'Rigaud, Jacques 1932-....', 'Douste-Blazy, Philippe 1953-....', 'Bertholon, Régis', 'Aubry, Thierry 19..-.... expert']	['Université de Paris I', '[France 3 [éd.]] [France 3 [distrib.]]', '[Bibliothèque nationale de France [prod.]]']	[]	['FR']	['art et la manière le patrimoine', "Conservation-restauration des documents graphiques de la théorie à la pratique journée d'étude du lundi 15 avril 2013"]	1950	0	flourished	FR
100465245	Personal	['Faßbender, Anne 1975-', 'Faßbender, Anne', '1975-']	[]	[]	[]	[]	['DE']	['Entwicklung einer Methode zur genomweiten Analyse von DNA-Methylierung und Identifizierung von DNA-Methylierungsbiomarkern in Brustkrebs']	1975	0	lived	00
100482037	Personal	['Gurwič, Elena 1948-', 'Gurwič, Elena', '1948-', 'Gurwič, Elena,', '1948-', 'Gurwič, Elena', '1948-']	[]	[]	[]	[]	[]	['Lavinia Fontana ; Elena Gurwič, 2008:']	1948	0	lived	UA
100501409	Personal	['Friedrich Oskar Risch', 'Risch, Friedrich Oskar 1835-1904', 'Friedrich Oskar Risch', 'fr', 'en', 'nl', 'pt', 'ast', 'it', 'gl', 'es', 'Risch, Friedrich Oskar', '1835-1904']	['friedrich oskar risch 1835 bis 1904 beruf funktion fabrikant konfession namensvarianten risch friedrich oskar']	[]	[]	[]	[]	[]	1835	1904	lived	DE
1005145857929623020390	UniformTitleWork	['Rosenmann Taub, David, 1927- | Cielo en la fuente ; Mañana eterna', 'Rosenmann Taub, David,', '1927-', 'Cielo en la fuente ; Mañana eterna']	[]	[]	[]	[]	[]	[]	0	0	lived	00
100515614	Personal	['Ponnelle, Pierre -1977', 'Ponnelle, Pierre', '-1977']	[]	[]	[]	[]	[]	[]	0	1977	lived	DE
100531458	Personal	['Goldman, Maurice, 1933-....', 'Goldman, M. (Maurice), 1933-', 'Goldman, Maurice', 'Maurice Goldman', 'Maurice Goldman physicien français', 'ba0yba0y', 'liteng', 'Goldman', 'Maurice', '1933-', 'ba0yba0y', 'fre   ', ' 0 ', 'Goldman', 'Maurice', '1933-....', 'Goldman, M.', '(Maurice),', '1933-', 'Goldman, M.', '(Maurice),', '1933-', 'Goldman, M.', '(Maurice),', '1933-', 'lat', 'Goldman, M.', '(Maurice),', '1933-', 'Goldman, M.', '(Maurice),', '1933-', 'Goldman, Maurice', 'Goldman, Maurice', 'Goldman, Maurice', '(1933- ).', 'Goldman, Maurice', '1933-', 'Goldman, Maurice,', '1933-', 'Goldman, Maurice,', '1933-....', 'Maurice Goldman', 'Maurice Goldman', 'physicien français', 'fr']	['goldman m', 'goldman m 1933', 'goldman maurice 1933', 'goldman maurice 1933', 'goldman maurice 1933', 'maurice goldman frans natuurkundige', 'maurice goldman french physicist', 'maurice goldman fisico frances', 'maurice goldman fisico francese', 'maurice goldman fisic frances', 'maurice goldman fisicu frances', 'гольдман м 1933', 'гольдман м 1933', 'гольдман морис', 'гольдман м', 'موريس قولدمان فيزيايي فرنسي']	['Abragam, Anatole 1914-2011)', 'Porneuf, Madeleine', 'Abragam, A.', 'Skrockij, Georgij Viktorovič', "Commissariat à l'énergie atomique et aux énergies alternatives France", 'Roth, Étienne 1922-2009', 'Tabti, Touwfik', 'Rigny, Paul 1939-....)', 'Desvaux, Hervé', 'Weill, Gilbert (1933-....).']	['Clarendon Press ; Oxford University Press', 'Les Editions de physique', "Centre d'études nucléaires, Service de documentation", 'Mir', 'Мир', 'Elsevier', 'Société Française de physique', 'Oxford university press', 'Izdatel\'stvo "Mir"', "Commissariat à l'Energie Atomique"]	['9780198556527', '9780198556398', '9780198512943', '9782868832191', '9780198512516']	['GB']	['Âdernyj magnetizm : porâdok i besporâdok.', 'Anatole Abragam : (15 décembre 1914 - 8 juin 2011)', 'Croisement des fréquences de résonance nucléaire des chlores et des protons dans le paradichlorobenzène', "Dosage isotopique de l'eau lourde par résonance nucléaire", 'Étude de la forme de raie RMN dans les solides en présence de mouvements Études de la relaxation et de la diffusion de spin des protons dans les solutions gelées de polymères par RMN', "ETUDE DE L'ORDRE MAGNETIQUE NUCLEAIRE DANS KMGF#3", 'Exploration de nouvelles méthodes de RMN pour les études structurales et dynamiques dans les liquides', "Influence de la température sur la séparation isotopique sous l'effet du courant continu dans le gallium fondu", 'INVESTIGATION OF NEW NMR METHODS FOR STRUCTURAL AND DYNAMIC STUDIES IN THE LIQUID STATE.', "Jadernyj magnetizm / A. Abragam, M. Gol'dman. T. 1-2. - Moskva, 1984.", 'NMR and more in honour of Anatole Abragam', 'Nuclear magnetism, 1982:', 'Polarisation dynamique nucléaire par cycles de mélange thermique', 'Quantum description of high resolution NMR in liquids', "Résonance nucléaire en champ nul : réalisation d'un spectromètre, évaluation de la méthode pour les études structurales", "Spectre d'absorption des mélanges H⁻2O-D⁻2O à l'état liquide entre 0,8 et 30 @", 'Spin temperature and nuclear magnetic resonance in solids', 'Spinovaâ temperatura i ÂMR v tverdyh telah', 'STUDY OF THE NMR LINESHAPE IN SOLIDS WITH THE RATE OF MOTIONS. STUDIES OF THE RELAXATION AND SPIN DIFFUSION OF PROTONS IN FROZEN SOLUTIONS OF POLYMERS BY NMR.', 'Ядерный магнетизм : порядок и беспорядок : в двух томах']	1933-03-01	0	lived	FR
100549157	Personal	['Roessler, Philipp Bernhard 1849-1920', 'Philipp Bernhard Roessler', 'Philipp Bernhard Roessler', 'fr', 'en', 'nl', 'pt', 'ast', 'it', 'gl', 'es', 'Roessler, Philipp Bernhard', '1849-1920']	['philipp bernhard roessler 1849 bis 1920 beruf funktion kaufmann konfession namensvarianten roessler philipp bernhard']	[]	[]	[]	[]	[]	1849	1920	lived	DE
100566954	Personal	['Nefzer, Ina', 'Nefzer, Ina 1962-', 'Nefzer, Ina', 'Nefzer, Ina', 'Nefzer, Ina', 'Nefzer, Ina', '1962-']	[]	['Schubert, Anegal', 'Rauter, Susanne', 'Künnemann, Horst 1929-', 'Glasz, Doris', 'Einwohlt, Ilona', 'Berner, Horst', 'Zero Werbeagentur', 'Libotte, Thorsten 1972-']	['Beltz & Gelberg', 'Planet Girl']	['9783407741097', '9783522501934']	['DE']	['10 Jahre Kleiner Rabe Socke', 'Bilderbuch-Lesungen und -Workshops', 'Delikatessen : neue Kunstsachbücher für Kinder', 'Eine deutsch-deutsche Geschichte', 'Durch die Farbschichten hindurch : Gespräch mit Selda Marlin Soganci', 'Fragebogen Ernst Seibert', 'Fragebogen Horst Künnemann : Wir gratulieren Horst Künnemann, der am 30. Juni 75 Jahre alt wird, herzlich zum Geburtstag', 'Fragebogen Irmela Brender', 'Fragebogen Kirsten Boie', 'Fragebogen Nina Schindler', 'Fragebogen Paul Maar', 'Fragebogen Simone Klages', 'Gedanken wie Schmetterlinge Gedichte und Lyrics für Mädchen', 'Ich empfinde mich eigentlich immer noch als Anfängerin', 'Manchmal werden Märchen wahr : in Bologna fing alles an. - Großer Auftritt des Kleinen Eisbären : strategisches Marketing im süßen Gewand', 'Die mit Segen sind : zur Verleihung des Deutschen Jugendliteraturpreises 2001', "Moderner Kinderroman und Illustration : Am Beispiel von Peter Härtlings 'Das war der Hirbel'", 'Neue Leselandschaften', 'Pure Magie! - oder alles fauler Zauber? : Hexenwerk und Zauberei als Unterhaltungsmotive', 'Seine Helden stellen ihn dar : Leo Lionni 80 Jahre', 'Titelbildinterview', 'Wir haben jedes Wort mit der Goldwaage gewogen', 'Wurzeln, Wanderungen, Widersprüche : "Sechse kommen durch die Welt"', 'Zirkus! Zirkus! Zirkus! : Geschichten, Reportagen, Bilder']	1962	0	lived	DE
100583507	Personal	['Simons, Martin, 1973-....', 'Martin Simons écrivain allemand', 'Martin Simons', 'écrivain allemand', 'fr', 'ba0yba0y', 'fre   ', ' 0 ', 'Simons', 'Martin', '1973-....', 'Simons, Martin', '(1973- ).', 'Simons, Martin', '1973-', 'Simons, Martin', '1973-', 'Simons, Martin', '1973-', 'Simons, Martin,', '1973-', 'Simons, Martin,', '1973-', 'Simons, Martin,', '1973-', 'lat', 'Simons, Martin,', '1973-', 'Simons, Martin,', '1973-....']	['martin simons duits journalist', 'martin simons german journalist', 'martin simons deutscher schriftsteller', 'martin simons periodista alemany', 'martin simons periodista aleman']	['Nizon, Paul 1929-...', 'Suhrkamp Verlag']	['Suhrkamp Verlag', 'Matthes & Seitz', 'Hoffmann und Campe', 'Campus Verlag']	['9783518423868', '9783957570017', '9783455404425', '9783593407210', '9783593388533']	['DE']	['Belagerung der Welt Romanjahre', 'Die Freiheit am Morgen : Roman', 'Parisiana', 'Vom Zauber des Privaten, 2009:', 'Works.']	1973-01-01	0	lived	AT
100601881	Personal	['Rajurkar, Narsinha Govind 1931-', 'Rajurkar, Narsinha Govind', '1931-']	['rajurkar n g 1931', 'rajurkar narsinha g 1931']	[]	[]	[]	[]	[]	1931	0	lived	00
1006148947846854950006	Personal	['Walker, Norman', 'Walker, Norman']	[]	[]	['Network distributing Ltd [éd.]']	[]	[]	[]	0	0	lived	gb
10061762	Personal	['Williams, Dana P., 1952-', 'Williams, Dana P.', 'ba0yba0y', 'fre   ', ' 0 ', 'Williams', 'Dana P.', '1952-....', 'Williams, Dana P', 'Williams, Dana P.', 'Williams, Dana P.', 'Williams, Dana P.', 'Williams, Dana P.', 'Williams, Dana P.', '(1952- ).', 'Williams, Dana P.', '1952-', 'Williams, Dana P.,', '1952-', 'Williams, Dana P.,', '1952-', 'Williams, Dana P.,', '1952-', 'Williams, Dana P.,', '1952-', 'lat']	['williams d p']	['Raeburn, Iain 1949-....', 'Muhly, Paul S.']	['American Mathematical Society', 'Instytut Matematyczny PAN']	['9780821842423', '9780821808603', '9781470451332', '9781470413613', '9781470412876']	['US']	['Crossed products of C*-algebras', 'Equivalence and disintegration theorems for Fell bundles and their C*-algebras', 'Morita equivalence and continuous trace C* algebras', 'A took kit for groupoid C*-algebras']	1952-06-19	0	lived	US
100651929	Personal	['Miller, George, 1945-', 'Miller, George, 1945 3 mars-', 'Miller, George 1943-.... cinéaste', 'Miller, George 1943-', 'Miller, George, 1943-...., cinéaste britannique', 'Miller, George f. 1945', 'Miller, George (George Trumbull)', 'ba0yba0y', 'fre   ', ' 0 ', 'Miller', 'George', '1943-....', 'cinéaste', 'Miller, George', '(1945- )', 'Miller, George', '(1945- ).', 'Miller, George', '1943-', 'Miller, George', '1945 3 mars-', 'Miller, George', '1945-', 'Miller, George', '1945-', 'Miller, George', 'f. 1945', 'Miller, George', '(George Trumbull)', 'Miller, George, ', '1945-', 'Miller, George,', '1943-....,', 'cinéaste britannique', 'Miller, George,', '1945 3 mars-', 'Miller, George,', '1945-', 'lat', 'Miller, George,', '1945-']	['miliotis george', 'miliotis george', 'miller george t', 'miller george t 1943', 'miller george trumbull', 'miller george trumbull 1943', 'miller george trumbull 1943', 'miller george trumbull 1945', 'miller george 1945 mar 3', 'miller t george 1943', 'miller t george 1943', 'miller george t 1943', 'miller george trumbull 1943', '밀러 조지 1945']	['Rowland, Bruce 1942-', 'Gibson, Mel (1956- ).', 'Warner home video France.', 'Mitchell, Doug.', 'Folk, Robert (1949-....).', 'Warner Bros. Entertainment.', 'Galapagos.', 'Morrison, Kenny 1974-....)', 'Miller, George f. 1945', 'Connell, David', 'Wood, Elijah', 'Remstar (Firme)', 'Young, Don, 1933-', 'Twoje Media.']	['Warner Home Video Denmark', 'Galapagos', 'Con film', '[Warner home video France [éd.]] [Warner home video France [distrib.]]', 'Menart Records', '워너브러더스 엔터테인먼트 [공급]  해리슨 앤 컴퍼니 [제조 및 판매]', 'Warner Home Video Norway', 'Warner Bros Pictures', '[TF1 vidéo [éd.]] [TF1 vidéo [distrib.]]', '[TF1 entreprises [éd.]] [TF1 entreprises [distrib.]]', 'distribuida en España por Warner Home Vídeo Española', 'Alliance Atlantis vivafilm', 'U.S. Government Accountability Office', 'Twoje Media']	['9788360004654', '9788360004371', '9780944237281', '9780944237274', '9789197240864', '9781401259037', '9780824097912', '9780788819056', '9780783268293', '9780160599088']	['FR']	['Along came Jones', 'André', 'André songs from the original soundtrack', "Atreyu's return to the great plains (3 min 10 s)", 'The Aviator', 'Babe - świnka z klasą', 'Baby express', "Bastian's dream (2 min 05 s)", "Bastian's lost memories (1 min 03 s)", 'Box office Bunny', 'Butterflies are free (54 s)', 'Cestni bojevnik', 'childlike empress (2 min 15 s)', 'Coupable ou innocente ?', '¡Cuidado con el perro! = In the doghouse', "Don't say nothin' bad", 'Dreams we dream (4 min 23 s)', "Falkor's quest (2 min 33 s)", 'far country', 'Film directors, c1992:', 'Flight of the dragon (3 min 32 s)', 'Floden blev mitt liv (S)', 'Frozen assets', "giants' attack (2 min 11 s)", 'Giving children a chance : the case for more effective national policies', 'Grandes relatos', 'Gross misconduct', 'Halloween (1 min 13 s)', 'Happy feet 2', "Heaven's just a heartbeat (4 min 10 s)", 'histoire sans fin II un nouveau chapitre', 'last outlaw', "Lorenzo's oil", 'Mad Max 2 - wojownik szos', 'Mad Max beyond Thunderdome', 'Mad Max [Film] / reż. George Miller. - Warszawa, 2006.', 'Mad Max : Fury road', 'Mad Max: na drodze gniewu', 'Mad Max trilogy', 'Man from Snowy River (film)', 'Morning in fastasia (1 min 08 s)', 'neverending story II, the next chapter', 'orphan pup (2 min 01 s)', 'Les Patterson saves the world', 'Pobesneli Max :', 'Rama lama ding dong', 'Ratnik ceste', 'Rejsen til jordens indre', 'Rex, le cyberchien', 'Robinson Crusoe', 'Searching for fantasia (2 min 19 s)', 'Silver lake (2 min 54 s)', 'Silver mountains (1 min 29 s)', '"Sixteen dad-sixteen"', 'Sobre la colina = Over the hill Pty lid', 'Thanks to you', 'This magic moment', "United States. General Accounting Office. Proposed pricing of irrigation water from California's central valley New Melones reservoir, 1983:", "Vol d'enfer", "Xayide's Castle (1 min 26 s)", 'Zeus and Roxanne', 'The ¤witches of Eastwick', '로빈슨 크루소', '매드 맥스 분노의 도로', '이스트윅의 마녀들', '해피 피트 2']	1945-03-03	0	lived	GB
100662756	Personal	["Howard, Roz'lyn Young", "Howard, Roz'lyn Young"]	['poz roz']	[]	['Poz Roz Productions']	['9781604026597']	[]	['Self-esteem, spirituality, and ahh-- sex']	0	0	lived	00
100673090	Personal	['Grinev, A. M. (Alekseĭ Mikhaĭlovich)', 'Grinev, A. M.', '(Alekseĭ Mikhaĭlovich)']	['grinev aleksei mikhailovich']	['Berezut︠s︡kiĭ, Valeriĭ Dmitrievich.']	['Pressa IPF']	['9785899815690']	['RU']	['Rossoshanskie kurgany, 2008:']	0	0	lived	00
100683309	Personal	['Garbaty, E. L.', 'Garbaty, E. L.']	[]	[]	[]	[]	[]	[]	0	0	lived	00
100693514	Personal	['Ji, Meijun, 1967-', 'Ji, Meijun,', '1967-']	['季美君 1967']	[]	['北京大學出版社', 'Beijing da xue chu ban she']	['9787301220900', '9787301139226']	['CN']	['Zhuan jia zheng ju zhi du bi jiao yan jiu, 2008:', '中澳检察制度比较研究 = Comparative Study on the System of Prosecution Service Between China and Australia']	1967	0	lived	00
100703498	Personal	['Deasy, Lara', 'Deasy, Lara', 'Deasy, Lara']	[]	[]	[]	[]	[]	["Zhang Zhong-jing's clinical application of 50 medicinals, 2008:"]	0	0	lived	00
100713538	Personal	['Yuvakiruṣṇā', 'Yuvakiruṣṇā']	['yuvakrishna']	[]	['Uyirmai Patippakam', 'Ṭiskavari Puk Pēlas', 'Kil̲akku']	['9789385104763', '9789384302245', '9789381975985', '9788184931181']	['IN']	['Azhikkapiranthavan', 'Carōjātēvi, 2014:', 'Carōjātēvi : ṭapuḷ eks kaṭṭuraikaḷ-kataikaḷ-campavaṅkaḷ', 'Kātal val̲iyum kōppai', 'Sarojadevi', 'Yuvakiruṣṇā. Vijayakānt, 2009:']	0	0	lived	00
1007155042709872400731	Personal	['Prügel, Heinrich', 'Prügel, Heinrich', 'Prügel, Heinrich']	[]	[]	['See-Selbstverl. W. Koch']	[]	['DE']	['Die Sturmflutschäden an der schleswig-holsteinischen Westküste .... -', 'Wetterführer : Wegweiser zum Verständnis des Wetters und der Wettervorhersage']	0	0	lived	00
100722062	Personal	['Sybil Morrison', 'Morrison, Sybil, 1893-1984', 'Morrison, Sybil,', '1893-1984', 'Sybil Morrison', 'de', 'es', 'ast']	['sybil morrison british pacifist']	[]	[]	[]	[]	['The life and work of Stuart Morris, 1969?:']	1893	1984	lived	00
100732236	Personal	['Sharaf, Laylá', 'Sharaf, Laylá', 'Sharaf, Laylá']	[]	[]	[]	[]	[]	['ʻAwāmil al-thabāt wa-al-ḥarakah fī siyāsat al-dawlah al-Urdunīyah, 2001:']	0	0	lived	00
100742887	Personal	['Grimaldo Velasco, Francisco Antonio', 'Grimaldo Velasco, Francisco Antonio']	['velasco francisco antonio grimaldo']	[]	[]	[]	[]	['La laguna que existe en conceder la patria potestad contenida en la fracción xviii del código civil del Estado en su artículo 226, 1997:']	0	0	lived	00
100752840	Personal	['Hanes, Frederic M. (Frederic Moir), 1883-1946', 'Hanes, Frederic M.', '(Frederic Moir),', '1883-1946']	['hanes fred m frederic moir 1883 1946']	[]	[]	[]	[]	['Frederic M. Hanes memorial issue, c1947:', 'Mind and body, 1903:']	1883-09-18	1946-03-25	lived	00
10076313	Personal	['Antia, H.M.', 'H. M. Antia researcher, ORCID id # 0000-0001-7549-9684', 'Antia, Hormazad Maneck (1955- ).', 'ba0yba0e', 'fre   ', ' 0 ', 'Antia', 'H. M.', 'Antia, H. M.', 'lat', 'Antia, H. M.', 'xx0077219', 'Antia, H. M.', 'Antia, H. M.', 'Antia, H. M.', 'Antia, H. M.', 'Antia, H. M.', 'Antia, H.M', 'Antia, H.M.', 'Antia, Hormazad Maneck', '(1955- ).', 'H. M. Antia', 'researcher, ORCID id # 0000-0001-7549-9684', 'en']	['antia h m']	['Bhatnagar, Arvind', 'Ulmschneider, Peter 1938-....', 'Ulmschneider, P. 1938-....) (Peter)', 'Ulmschneider, P. (Peter), 1938-', 'Bhatnagar, A.', 'Basu, Sarbani', "International Conference on Windows on the Sun's Interior (Bombay, India) (1995).", 'Chitre, Shashikumar Madhusudan.']	['Springer', 'Birkhäuser Verlag', 'Springer-Verlag Berlin Heidelberg : Springer e-books', 'Elsevier', 'Indian Institute of Astrophysics', 'Hindustan Book Agency']	['9783764367152', '9783540015284', '9789386279521', '9789380250403', '9783540369639']	['DE']	['Asteroseismic estimate of helium abundance of 16 Cyg A, B', 'Asteroseismology of the Solar Analogs 16 Cyg A and B from KEPLER Observations', 'ASTROSAT mission', 'Can Naked Singularities Yield Gamma-ray Bursts?', 'Changes in Solar Dynamics from 1995 to 2002', 'CHARACTERISTICS OF SOLAR MERIDIONAL FLOWS DURING SOLAR CYCLE 23', 'COMPARISON OF HIGH-DEGREE SOLAR ACOUSTIC FREQUENCIES AND ASYMMETRY BETWEEN VELOCITY AND INTENSITY DATA', 'Consistency of the mixing length theory', 'The Discrepancy between Solar Abundances and Helioseismology', 'Does the Sun Shrink with Increasing Magnetic Activity?', 'Effects of surface layers on helioseismic inversion', 'Forbush decreases and turbulence levels at coronal mass ejection fronts', 'FREQUENCY SHIFTS OF RESONANT MODES OF THE SUN DUE TO NEAR-SURFACE CONVECTIVE SCATTERING', 'Granulation and supergranulation as convective modes in the solar envelope', 'Helioseismic bounds in the central temperature of the Sun', 'Helioseismic limit on heavy element abundance', 'Helioseismic models and solar neutrino fluxes', 'High-rigidity Forbush decreases: due to CMEs or shocks?', 'How are Forbush decreases related to interplanetary magnetic field enhancements?', 'How Dof-Mode Frequencies Change with Solar Radius?', 'The Inconstant Sun', 'Influence of turbulent pressure on solar convective modes', 'Instabilities in a polytropic atmosphere', 'Is the solar convection zone in strict thermal wind balance?', 'Lectures on solar physics', 'Local helioseismology using ring diagram analysis', 'Measuring the helium abundance in the solar envelope: The role of the equation of state', 'New limits to bias and the amount of dark matter in the universe', 'Numerical methods for scientists and engineers', 'On the magnetic field required for driving the observed angular-velocity variations in the solar convection zone', 'Oscillation mode linewidths of main-sequence and subgiant stars observed by Kepler', 'Position and velocity sensitivities at the triangular libration points in the restricted problem of three bodies when the bigger primary is an oblate body', 'Possibility of Excitation of Low-ℓ P-Modes by Energetic Solar Transients', 'Proceedings of the international conference on "Windows on the Sun\'s Interior," October 19-21, 1995', 'Rational Function Approximations for Fermi-Dirac Integrals', 'REVISITING THE SOLAR TACHOCLINE: AVERAGE PROPERTIES AND TEMPORAL VARIATIONS', 'Ring‐Diagram Analysis of the Structure of Solar Active Regions', 'A seismic and gravitationally bound double star observed by Kepler', 'Seismic detection of acoustic sharp features in the CoRoT target HD 49933', 'SEISMIC EVIDENCE FOR A RAPIDLY ROTATING CORE IN A LOWER-GIANT-BRANCH STAR OBSERVED WITHKEPLER', 'Seismic measurement of the depth of the solar convection zone', 'Seismic study of magnetic field in the solar interior', 'Seismic study of stellar convective cores', 'Seismic tests for solar models with tachocline mixing', 'Seismology of the Solar f-Mode. I. Basic Signatures of Shearing Velocity Fields', 'Solar-cycle variation of the sound-speed asphericity from GONG and MDI data 1995-2000', 'SOLAR FLOWS AND THEIR EFFECT ON FREQUENCIES OF ACOUSTIC MODES', 'Solar internal rotation rate and the latitudinal variation of the tachocline', 'SOLAR MAGNETIC FIELD SIGNATURES IN HELIOSEISMIC SPLITTING COEFFICIENTS', 'Solar oscillations', 'Solar Rotation Rate and Its Gradients During Cycle 23', 'Stability of a steady vertical flow in a viscous fluid', 'Stability of magneto-acoustic waves in a thermally conducting compressible fluid', 'Stability of naked singularities in spherically symmetric dust collapse', 'Structure of the Near‐Surface Layers of the Sun: Asphericity and Time Variation', 'Temporal variation of large scale flows in the solar interior', "Temporal variations in the Sun's rotational kinetic energy", 'Theoretical spectrum of solar convection', 'Thermodynamics of a system of leptons, photons and interacting nucleons', 'Validity of the linearized theory for complete viscous polytropes', 'Waves in the sunspot umbra', 'Zonal Velocity Bands and the Solar Activity Cycle']	1955	0	lived	IN
100773179	Personal	['Shen, Maolin, 1926-', 'Shen, Maolin,', '1926-']	['申楙林 1926']	[]	[]	[]	[]	['Meng yuan ji, 2005:']	1926	0	lived	00
100783412	Personal	['Krimski, Eugene D.', 'Krimski, Eugene D.', 'Krimski, Eugene D.']	[]	['Abramson, Adolph G.']	['American Marketing Association']	[]	['US']	['Operations forecasting.']	0	0	lived	00
100793441	Personal	['Magdalene, Taylah, 1963-', 'Magdalene, Taylah', '1963-', 'Magdalene, Taylah,', '1963-']	[]	[]	[]	[]	[]	['Living free, 2009:']	1963	0	lived	00
100803814	Personal	['Lewis, James O. (James Ogier), 1886-', 'Lewis, James O.', '(James Ogier),', '1886-']	['lewis j o james ogier 1886', 'lewis james o james ogier b 1886']	[]	[]	[]	[]	['The use of mud-laden fluid in oil and gas wells, 1916:']	1886	0	lived	00
100813990	Personal	['Zertuche Cázares, Olegario Augusto', 'Zertuche Cázares, Olegario Augusto', 'Zertuche Cázares, Olegario Augusto']	['cazares olegario augusto zertuche', 'cazares olegario augusto zertuche']	[]	[]	[]	[]	['Predicción del comportamiento de un sistema para transportar suspensiones por medio del diseño clásico y el escalamiento, 1983:']	0	0	lived	00
1008155042734072400948	Corporate	['British Society for Developmental biology. Meeting (1990 : Manchester)', 'British Society for Developmental biology.', 'Meeting', '(1990 :', 'Manchester)']	[]	['Monk, Marilyn']	['The Company of Biologists']	['9780948601262']	['GB']	['Genomic imprinting : papers presented at a meeting of the British Society for Developmental Biology at the University of Manchester, April 1990']	0	0	lived	00
100823163	Personal	['Theel, Heather J., 1980-', 'Theel, Heather J.,', '1980-', 'Theel, Heather J.,', '1980-']	[]	['Mississippi State University. Department of Wildlife and Fisheries']	['Mississippi State University']	[]	[]	['Habitat alteration by hydrilla and its effect on macroinvertebrate community structure and bluegill foraging efficiency, 2007:']	1980-01-03	0	lived	00
100833227	Personal	['López Camacho, Alfonso', 'López Camacho, Alfonso']	['camacho alfonso lopez']	[]	[]	[]	[]	['Análisis de la planeación de la educación superior en el Estado de San Luis Potosí, 1995:']	0	0	lived	00
100843740	Personal	['Pčola, Marián, 1976-', 'Pčola, Marián', '1976-', 'Pčola, Marián,', '1976-', 'js20091002001']	[]	[]	[]	[]	[]	[]	1976	0	lived	00
100856485	Personal	['Macenauer, Bedřich, 1929-2013', 'Macenauer, Bedřich', '1929-2013', 'Macenauer, Bedřich', '1929-2013', 'Macenauer, Bedřich,', '1929-2013', 'pna2009525896']	[]	[]	[]	[]	[]	[]	1929-04-08	2013-11-15	lived	CZ
100869558	Personal	['Koval, Dušan, 1929-2006', 'Koval, Dušan,', '1929-2006', 'xx0103181']	[]	[]	[]	[]	[]	[]	1929	2006	lived	00
100885936	Personal	['שושן, אורלי 1959-', 'שושן, אורלי', '1959-']	[]	[]	[]	[]	[]	[]	1959	0	lived	00
100903932	Personal	['Köster, Friedrich, 1791-1878', 'Köster, Friedrich Burchard', 'Köster, Friedrich', 'Koester, Friedrich', 'Friedrich Köster', 'Köster, Friedrich (Friedrich Burchard), 1791-1878', 'Friedrich Köster', 'fr', 'nn', 'ast', 'nb', 'sv', 'da', 'eo', 'sl', 'es', 'Koester, Friedrich', 'Köster, Friedrich', '1791-1878', 'Köster, Friedrich', '(Friedrich Burchard),', '1791-1878', 'Köster, Friedrich,', '1791-1878', 'lat', 'Köster, Friedrich,', '1791-1878', 'Köster, Friedrich,', '1791-1878', 'Köster, Friedrich', 'Köster, Friedrich Burchard', 'Köster, Friedrich Burchard']	['coster friedrich 1791 1878', 'coster friedrich 1791 1878', 'friedrich koster duits hoogleraar 1791 1878', 'friedrich koster german university professor', 'friedrich koster lutherischer theologe und hochschullehrer bremen verdener generalsuperintendent', 'koester frdr burchard 1791 1878', 'koester fridericus b 1791 1878', 'koester fridericus buchardus 1791 1878', 'koester fridericus buchardus 1791 1878', 'koester friedrich buckard 1791 1878', 'koester friedrich buckard 1791 1878', 'koester friedrich burchard 1791 1878', 'koester friedrich burchard 1791 1878', 'koester ioannes fridericus burcardus 1791 1878', 'koester joannes fridericus bucardus 1791 1878', 'koester joannes fridericus bucardus 1791 1878', 'koesterus fridericus 1791 1878', 'koesterus fridericus 1791 1878', 'koster d friedrich 1791 1878', 'koster f b 1791 1878', 'koster f b 1791 1878', 'koster friedrich b 1791 1878', 'koster friedrich burchard 1791 1878', 'koster friedrich burchard 1791 1878', 'koster johann f 1791 1878', 'koster johann friedrich burchard 1791 1878', 'koster johann friedrich burchard 1791 1878', 'koster f b 1791 1878', 'koster friedrich', 'koster friedrich b 1791 1878', 'koster friedrich burchard 1791 1878', 'koster friedrich burchard 1791 1878', 'koster johann f 1791 1878', 'koster johann friedrich burchard 1791 1878']	['Weidemann, Christoph Erich', 'Barth, Wilhelm Ambrosius 1790-1851)']	['Schuster', 'Taubstummen-Inst.', 'verlag von Johann Ambrosius Barth', 'Verlag der Gebrüder Bornträger', 'J. C. Baier', 'Hammerich u. Lesser', 'C. F. Mohr', 'Universitäts Buchhandlung']	['9783796301216']	['DE']	['Alterthümer : Geschichten und Sagen der Herzogthümer Bremen und Verden', 'Bible.', "Buch Hiob und der Prediger Salomo's nach ihrer strophischen Anordnung Nebst Abhandlgn über d. stroph. Charakter dieser Bücher", 'Die christliche Glaubenslehre des Herrn Dr. David Strauss, 1841:', 'Erläuterungen der heiligen Schrift Alten und Neuen Testaments aus den Klassikern, besonders aus Homer', 'Eusebius sive de emendando statu ecclesiae Slesvico Holsaticae hodierno Quaestiones academicae', '... Geschichte des Klosters Loccum mit Urkunden und einer Kupfertafel', 'Immanuel, oder Characteristik der neutestamentlichen Wundererzählungen', 'Lehrbuch der Pastoral-Wissenschaft mit besonderer Rücksicht auf Pastoral-Weisheit', 'Meletemata critica et exegetica in Zachariae prophetae partem posteriorem cap. IX-XIV', 'Die Propheten des Alten und Neuen Testaments, nach ihrem Wesen und Wirken dargestellt', 'De servo Iehovae apud Iesaiam commentatio.']	1791-07-30	1878-11-16	lived	None
1009150323929609972529	Personal	['Raczak, Leszek', 'Raczak, Leszek']	['leszek r']	[]	[]	[]	[]	['Ex libris Leszka R.']	0	0	lived	PL
100917680	Personal	['Gordon, John Ewart', 'Gordon, J. E. (John E.)', 'Gordon, John', 'Gordon, John E.', 'Gordon, J.E. (John Ewart), geologie', 'ba0yba0y', 'fre   ', ' 0 ', 'Gordon', 'John Ewart', 'Gordon, J. E.', '(John E.)', 'Gordon, J. E.', '(John E.)', 'lat', 'Gordon, J.E.', '(John Ewart),', 'geologie', 'Gordon, John', 'Gordon, John E.', 'Gordon, John Ewart']	['gordon j e', 'gordon john e john ewart', 'gordon john john ewart', 'gordon j e']	['McKirdy, Alan', 'Crofts, Roger', 'Sutherland, Donald Graham 1949-...', 'Sutherland, Donald G.', 'Scottish Natural Heritage (Agency)', 'Joint Nature Conservation Committee (Great Britain)', 'Wyon, John Benjamin (1918-).', 'Wyon, John B..', 'Sutherland, D. G. (Donald G.)', 'Sutherland, D. G.', 'Leys, Katherine F..']	['Chapman and Hall', 'Birlinn', 'The Stationery Office : Scottish Natural Heritage', 'Scottish Association of Geography Teachers ; Scottish Natural Heritage', 'Ministère de la Santé nationale et du Bien-Etre social', 'Josiah Macy]', 'Harvard University Press', 'Voyageur Press ; Distributed in Canada by Raincoast Books']	['9780412488405', '9781841583570', '9780952421016', '9780896585591', '9780114972837']	['GB']	['Antarctic environments and resources, 1998:', 'Control of venereal diseases an epidemiological approach.', 'Earth science and the natural heritage interactions and integrated management', 'Glaciers, 2001:', 'The Khanna Study : Population Problems in the Rural Punjab', 'Land of mountain and flood the geology and landforms of Scotland', "Prophylaxie des maladies transmissibles à l'homme Version française de la 10ème édition 1965 ...", 'Quaternary of Scotland']	1900	0	flourished	GB
100929224	Personal	['Glassbourg, Adah', 'Glassbourg, Adah', 'Glassbourg, Adah']	[]	['Yates, Rebecca', 'Wiens, Rainer', 'Salzman, Glen', 'Ohashi, René', 'Glassbourg, Michael 1951-', 'Carrey, Jim 1962-']	['distribuido en exclusiva por Smile Price Paycom Multimedia']	[]	['ES']	['Introducing-- Janet', 'Rubberface [VR], 2009:']	0	0	lived	00
100940199	Personal	['Cervin, Neil', 'Cervin, Neil 1961-', 'Cervin, Neil', 'Cervin, Neil', 'Cervin, Neil', '1961-']	[]	['Shaw, Keith', 'Rusnak, Josef', 'Riddell, Brad', 'Oblowitz, Michael', 'Muscat, Joseph C.', 'Bourque, Jason', 'Wunsch, Robert J.', 'Steen, Jessica 1965-', 'Snipes, Wesley 1962-', 'Ransom, Joel']	['Sandrew Metronome', 'Universal Pictures (Denmark)', 'SPHE Nordic', 'editado internacionalmente por Universal Pictures International Limited distribuido en España por Universal Pictures Iberia', 'distribuido por Sony Pictures Home Entertainment']	[]	['SE']	['El castañazo Slap shot', 'Slap shot - the junior league', 'Wesley Snipes', 'The ¤art of war II', 'The ¤traveler']	1961	0	lived	00
100951303	Personal	['Andrés, Ana Andrés Álvarez', 'Andrés, Ana', 'Andrés Álvarez']	['andres alvarez ana']	['Gómez Fernández, Luis Antonio']	['Centro de Estudios Monetarios y Financieros', 'AENOR Ediciones', 'AENOR']	['9788481437492', '9788481436020']	['ES']	['Guía de aplicación de la norma UNE-ISO/IEC 27001 sobre seguridad en sistemas de información para pymes', 'Impacto sobre el mercado bursátil del vencimiento de los contratos de derivados sobre el Ibex 35']	0	0	lived	00
100967297	Personal	['Duboc, Hubert', 'ba0yba0y', 'fre   ', ' 0 ', 'Duboc', 'Hubert', 'Duboc, Hubert', 'Duboc, Hubert', 'Duboc, Hubert', 'Duboc, Hubert']	[]	['Soubiran, André (1910-1999).', 'médecine : Paris']	['H. Duboc', 'Hubert Duboc', 'Editions Bertout', '[s. n.]']	['9782867431401']	['FR']	['Barbelés et typhus', 'Le Sanatorium marin des Grandes Dalles (Seine-Inférieure)', "Le typhus exanthématique dans les camps de prisonniers de guerre en Allemagne (au cours de l'hiver 1941-1942)"]	0	0	lived	FR
100982838	Personal	['Jacobi, Johannes.', 'Jacobi, Johannes 1951-....', 'ba0yba0y', 'fre   ', ' 0 ', 'Jacobi', 'Johannes', '1951-....', 'Jacobi, Johannes', 'Jacobi, Johannes', 'Jacobi, Johannes', 'Jacobi, Johannes', 'Jacobi, Johannes', '1951-', 'Jacobi, Johannes', '1951-', 'Jacobi, Johannes.']	[]	['Tröger, Erika', 'Rost, Gottfried 1931-', 'Deutsche Bibliothek', 'Troeger, Erika', 'Jahns, Yvonne', 'Deutsche Nationalbibliothek']	['Die Deutsche Bibliothek', '\x98Die\x9c Dt. Bibliothek', 'Fachsch. für Bibliothekare Erich Weinert, Abt. Fernstudium', 'Deutsche Nationalbibliothek']	['9783922051770', '9783933641069']	['DE']	['Bibliographie Abbildungen schwer erreichbarer bibliographischer und bibliographieähnlicher Nachschlagewerke', 'Bibliothek als Lebenselixier Festschrift für Gottfried Rost zum 65. Geburtstag', 'Bibliothek der Deutschen Reichsversammlung 1848/49 (Reichsbibliothek) Bestandsverzeichnis', 'Krieg sammeln – Die Weltkriegssammlung 1914/18 der Deutschen Nationalbibliothek', 'Vater des Gedankens']	1951-07-25	0	lived	DE
100998000	Personal	['Halle, Axel', 'Halle, Axel']	[]	[]	[]	[]	[]	[]	0	0	lived	00
